user_input,retrieved_contexts,response,reference,context_precision,context_recall
Was ist Data Science und in welchen Bereichen wird sie angewendet?,"['Prof. Dr. Frank Kammer   @   \nData Science\n8\nWas ist Data Science?\nInterdisziplinäre Wissenschaft, die Daten analysiert, \nvisualisiert und Unterschiede interpretiert. \nZiel: Neues Wissen für Gesellschaft/Unternehmen und \nderen Entscheidungen zu gewinnen.\n1', 'Prof. Dr. Frank Kammer   @   \nFallbeispiel zum Data Science in Unternehmen \n29\nAlternative 3: Data Science einsetzen, um die „richtigen“ Personen \nanzusprechen\nVorschlag\nAnalyse der bisherigen Kundendaten aus bestehender Kundenstammdatei \nzur Identifikation wesentlicher Merkmale von Weinkäufern und deren \nNutzung zur gezielten statt zufälligen Auswahl der anzuschreibenden \nAdressen.\n1\nWas ist von dem Vorschlag zu halten?', 'Prof. Dr. Frank Kammer   @   \nLernziele\n61\n\uf0a7Sie wissen, welchen betriebswirtschaftlichen Nutzen \nverschiedene Data-Mining-Verfahren haben.\n\uf0a7Sie verstehen die Assoziationsanalyse und können \ndiese auf gegebene Beispiele anwenden.\n\uf0a7Sie kennen verschiedenste Klassifizier und können \ndiese auf gegebene Problemstellungen anwenden.\n2', 'Prof. Dr. Frank Kammer   @   \nData Science\n10\nOberbegriff für \n\uf0a7Statistik\n\uf0a7Programmierung \n\uf0a7Datenanalyse\n\uf0a7Datenvisualisierung\n\uf0a7künstliche Intelligenz \n1', 'Prof. Dr. Frank Kammer   @   \nLernziele\n6\n\uf0a7Sie kennen verschiedenste Anwendungen der Data \nScience (DS).\n\uf0a7Sie verstehen wie verschieden das Gebiet der \nKünstlichen Intelligenz (KI) sein kann und können erste \nAnwendungen der KI zuordnen. \n\uf0a7Sie wissen, wie man Python installiert.\nAI is the most overhyped technology I have ever seen.\nGary Hamel\n1']","Um die Antwort auf diese Frage zu finden, schau dir bitte die folgenden Stellen im Kontext an:

1.  **Zur Definition:** Suche in den Folien nach dem Begriff „Data Science“. Dort wird beschrieben, um welche Art von Wissenschaft es sich handelt, welche Methoden (z. B. Analyse, Visualisierung) zum Einsatz kommen und welches übergeordnete Ziel verfolgt wird.
2.  **Zum Umfang:** Es gibt eine weitere Folie zu „Data Science“, die aufzeigt, dass dieser Begriff ein Oberbegriff für verschiedene Disziplinen ist. Welche Fachbereiche werden dort aufgelistet?
3.  **Zur Anwendung:** Schau dir das „Fallbeispiel zum Data Science in Unternehmen“ an. Überlege dort, wie die Analyse von Kundendaten genutzt werden kann, um eine gezielte Auswahl statt einer zufälligen Auswahl zu treffen. Was sagt das über den praktischen Nutzen aus?","Data Science ist eine interdisziplinäre Wissenschaft, die Daten analysiert, visualisiert und interpretiert, mit dem Ziel, neues Wissen für Gesellschaft und Unternehmen sowie deren Entscheidungen zu gewinnen. Sie ist ein Oberbegriff für Bereiche wie Statistik, Programmierung, Datenanalyse, Datenvisualisierung und künstliche Intelligenz und wird unter anderem in Unternehmen eingesetzt, etwa zur gezielten Analyse von Kundendaten.",0.7499999999625,1.0
Was ist das Ziel der Assoziationsanalyse?,"['Prof. Dr. Frank Kammer   @   \nQ-Learning – Beispiel Labyrinth\n527\nEpisode\nVorgehen zur Auswahl einer Aktion: \n\uf0a7\nExploration mit Wahrscheinlichkeit 𝜀: \nWähle eine zufällige zulässige Aktion 𝑎\n\uf0a7\nAnsonsten Exploitation: \nWähle valide Aktion 𝑎mit dem höchsten 𝑄-Wert\n\uf0a7\nFühre Aktion 𝑎aus, beobachte den neuen Zustand & ggf. Belohnung\n\uf0a7\nAktualisiere den 𝑄 -Wert für aktuellen Zustand mit folgender Formel:\n\uf0a7\nSetze 𝑠௧ାଵals den neuen Zustand\n\uf0a7\nWenn der Zielzustand erreicht ist oder der Agent stirbt, beende Episode.\n6', '3.\n𝑃𝐸: Wahrscheinlichkeit der Evidenz\n\uf0a7Prozentualer Anteil der Instanzen mit dem Merkmalsvektor 𝐸im \nDatensatz\n7', 'verglichen und ∆𝑤wird aktualisiert.\n𝑠ଵ\n\u0bde\n𝑠ଶ\n\u0bde\n𝑠\u0be1\u0bde\n𝒘𝟏\n𝒘𝟐\n𝒘𝒏\n𝑧ൌ\u0dcd𝑤\u0bdc\n\u0be1\n\u0bdcୀଵ\n𝑥\u0bdc\n…\n𝑓𝑠\u0bde\nz\nforall ersetzt Summe:\n\u0dcd\nே\n\u0bdeୀଵ', 'Prof. Dr. Frank Kammer   @   \nAssoziationsanalyse\n116\nWelche Aussagen stimmen?  \n1. Ein möglichst hoher Support ist wünschenswert.\n2. Neue Transaktionen mit A \uf0deimmer fallende Konfidenz.\n3. Je höher der Lift, desto besser ist eine Assoziationsregel.\n4. Die Konfidenz kann 0 sein.\n2', 'Prof. Dr. Frank Kammer   @   \nLernziele\n61\n\uf0a7Sie wissen, welchen betriebswirtschaftlichen Nutzen \nverschiedene Data-Mining-Verfahren haben.\n\uf0a7Sie verstehen die Assoziationsanalyse und können \ndiese auf gegebene Beispiele anwenden.\n\uf0a7Sie kennen verschiedenste Klassifizier und können \ndiese auf gegebene Problemstellungen anwenden.\n2']","Um die Antwort auf diese Frage zu finden, empfehle ich dir, einen Blick in den Abschnitt zu den **Lernzielen** (Seite 61) zu werfen. 

Überlege dabei insbesondere:
* Welchen übergeordneten Nutzen haben Data-Mining-Verfahren laut den Lernzielen?
* Wenn du dir die Folie zur **Assoziationsanalyse** (Seite 116) ansiehst, welche Metriken (wie Support, Konfidenz und Lift) werden dort verwendet? Was könnten diese Metriken darüber aussagen, was man mit dieser Analyse eigentlich erreichen möchte?","Die Assoziationsanalyse untersucht Zusammenhänge zwischen Elementen in Transaktionsdaten und bewertet die gefundenen Assoziationsregeln anhand der Kennzahlen Support, Konfidenz und Lift. Ein hoher Support und ein hoher Lift kennzeichnen dabei eine starke Regel.",0.0,0.5
Wozu dienen Klassifizierer im Data Mining?,"['Prof. Dr. Frank Kammer   @   \nLernziele\n61\n\uf0a7Sie wissen, welchen betriebswirtschaftlichen Nutzen \nverschiedene Data-Mining-Verfahren haben.\n\uf0a7Sie verstehen die Assoziationsanalyse und können \ndiese auf gegebene Beispiele anwenden.\n\uf0a7Sie kennen verschiedenste Klassifizier und können \ndiese auf gegebene Problemstellungen anwenden.\n2', 'Prof. Dr. Frank Kammer   @   \nEntscheidungsbaum – Decision Tree\n217\n\uf0a7Logisches Klassifizierungsmodell\n\uf0a7Überwachtes Verfahren\nZiel\n\uf0a7Erstellung eines sogenannten Entscheidungsbaumes \n\uf0a7Klassifizierung von Objekten (Datensätze) durch Nutzung \nihrer sie charakterisierenden Attribute \n\uf0a7Identifikation „klassenbestimmender“ Eigenschaften mittels \n„interessanter“ Pfade bzw. Konzeptbeschreibungen\n\uf0a7Identifikation von Regeln zur Klassifizierung\n4', 'Prof. Dr. Frank Kammer   @   \nKontrollfragen\n129\n\uf0a7Nennen Sie mindestens 3 Verfahren zum Finden einer \nKlassifikation.\n\uf0a7Nennen Sie ein Beispiel, wie ein Data-Mining Verfahren \nschneller gemacht werden kann\n\uf0a7Was ist die Idee hinter dem k-Means Algorithmus?\n\uf0a7Erklären Sie die Begriffe Support und Lift. Ist ein \ngrößerer oder ein kleinerer Wert jeweils besser?\n2', 'Prof. Dr. Frank Kammer   @   \nEntscheidungsbaum\n222\nBeispiel\n\uf0a7\nGegeben: Klassifizierte Punkte im 2-dim Raum.\n\uf0a7\nGesucht: Regeln zum leichten Bestimmen der Klassifikation\nBild: https://data-science-blog.com/blog/2017/02/13/entscheidungsbaumverfahren-artikelserie/\nv\nZiel: Finden von wenigen \naussagekräftigen Klassifikationen\n→Guter Entscheidungsbaum\n4', 'Prof. Dr. Frank Kammer   @   \nEntscheidungsbaum\n220\nBild: https://data-science-blog.com/blog/2017/02/13/entscheidungsbaumverfahren-artikelserie/\nv\n4\nBeispiel\n\uf0a7\nGegeben: Klassifizierte Punkte im 2-dim Raum.\n\uf0a7\nGesucht: Regeln zum leichten Bestimmen der Klassifikation']","Schau dir dazu einmal die Folien zum Thema „Entscheidungsbaum – Decision Tree“ an (insbesondere die Seite 217). 

Überlege dir anhand der dort aufgeführten Ziele:
1. Was passiert mit den Datensätzen und welchen Teil der Daten nutzt man dafür?
2. Welches Ziel verfolgt man, wenn man „Regeln zur Klassifizierung“ identifiziert?
3. Inwiefern hilft dies dabei, bestimmte Eigenschaften der Daten besser zu verstehen?","Klassifizierer ordnen Datensätze anhand ihrer charakterisierenden Attribute vordefinierten Klassen zu. Im Kurs werden sie als überwachtes Verfahren über Entscheidungsbäume umgesetzt, deren Ziel es ist, klassenbestimmende Eigenschaften zu erkennen und Regeln zur Klassifizierung abzuleiten.",0.5333333333155555,1.0
Was ist der Unterschied zwischen Korrelation und Kausalität?,"['Prof. Dr. Frank Kammer   @   \nDatenzusammenhänge und Datenqualität\n746\nGrundproblem: Koinzidenz – Korrelation – Kausalität\n\uf0a7Eine Korrelation ist noch keine Kausalität. \n\uf0a7Eine Kausalität zieht in der Regel aber eine Korrelation (oder \nmehrere) nach sich.\n\uf0a7Korrelationen sind wichtig und haben eine Indikatorfunktion, \nselbst wenn sie keine Hinweise auf eine Kausalität liefern. \n\uf0a7Können Entscheidungen und Handlungen effizienter bzw. billiger \nmachen.', '•\nAchtung: Auch wenn eine Ursache-Wirkungs-Relation vielleicht \nplausibel ist, muss sie nicht zwingend sein. Dann läge keine \nKausalität vor.\nDas eine verursacht das andere.\nBei jeder Kausalität liegt auch eine Korrelation vor, umgekehrt gilt \ndies allerdings nicht zwingend\nQuellen: https://home.uni-leipzig.de/schreibportal/korrelation-als-kausalitaet/ https://www.lektorat-plus.de/posts/korrelation.php\n144', 'Prof. Dr. Frank Kammer   @   \nKontrollfragen\n208\n\uf0a7Was ist Korrelation? Folgt aus Korrelation auch \nKausalität?\n\uf0a7Was ist die Idee hinter Regression?\n\uf0a7Wie kann Regression als Imputationsverfahren genutzt \nwerden?\n\uf0a7Was bedeutet Trend, saisonal und zyklisch im Kontext \neiner Zeitreihenanalyse?\n3', 'Prof. Dr. Frank Kammer   @   \nMotivation\n608\n\uf0a7Korrelation vs. Kausalität vs. Koinzidenz\n\uf0a7Problem der naiven Prognose bei nicht gleichmäßig \nverteilten Daten\n\uf0deClever Hans-Strategien der KI\n8', 'Prof. Dr. Frank Kammer   @   \nDatenzusammenhänge und Datenqualität\n745\nGrundproblem: Koinzidenz – Korrelation – Kausalität\n\uf0a7Koinzidenz \n\uf0a7Zwei Handlungen oder Ereignisse finden gleichzeitig und/oder \nam gleichen Ort statt. \n\uf0a7Beziehung zwischen den Ereignissen?\n\uf0a7Korrelation\n\uf0a7Bei einer Korrelation verläuft die Ausprägung einer \nHandlungsfolge oder eines Ereignisses proportional zur \nAusprägung einer anderen Folge oder eines anderen \nEreignisses. \n\uf0a7Kausale Beziehung?\n\uf0a7Kausalität']","Um den Unterschied zwischen Korrelation und Kausalität zu verstehen, schau dir bitte die entsprechenden Abschnitte im bereitgestellten Text an und überlege dir Folgendes:

1. **Die Definitionen:** Wie wird im Text beschrieben, dass sich zwei Ereignisse bei einer *Korrelation* verhalten? Und was ist das Kernmerkmal einer *Kausalität*?
2. **Die Richtung der Beziehung:** Überlege anhand des Textes, ob eine Korrelation automatisch bedeutet, dass eine Kausalität vorliegt. Und wie verhält es sich umgekehrt: Zieht eine Kausalität in der Regel eine Korrelation nach sich?
3. **Die Plausibilität:** Gibt es laut Kontext Fälle, in denen eine Beziehung plausibel erscheint, aber trotzdem keine Kausalität vorliegt?

Wenn du diese Punkte vergleichst, wirst du den entscheidenden Unterschied in der Art der Beziehung zwischen den Ereignissen finden.","Eine Korrelation beschreibt einen statistischen Zusammenhang zwischen zwei Variablen, bei dem sie gemeinsam variieren. Eine Kausalität liegt vor, wenn die eine Variable die andere tatsächlich verursacht. Eine Korrelation impliziert dabei nicht automatisch eine Kausalität, während eine Kausalität in der Regel eine Korrelation nach sich zieht.",0.99999999995,1.0
Was ist das Ziel der linearen Regression?,"['Prof. Dr. Frank Kammer   @   \nRegression – Lineare Regression\n3\n166\nLineare Regression modelliert den Zusammenhang zwischen\neiner Eingangsvariable x und einer Zielvariable y durch eine \nGerade.\nGesucht wird eine Funktion der Form: y = a + b x \nDie Parameter a (Achsenabschnitt) und b (Steigung) werden \nso gewählt, dass der Fehler zwischen Vorhersage und echten \nDaten möglichst klein ist.', 'Prof. Dr. Frank Kammer   @   \nLernziele\n\uf0a7Sie wissen, was nötig ist, um Daten auf eine Analyse \nvorzubereiten.\n\uf0a7Sie kennen die Idee und Umsetzung einfacher linearer \nRegressions- und Zeitanalysen \n\uf0a7Sie können den Unterschied von Korrelation und \nKausalität beschreiben.\n3\n132', 'Prof. Dr. Frank Kammer   @   \nRegression – Beispiele (1)\n173\n3\n# Plot via Matplotlib ähnlich vorherigem Beispiel', 'Prof. Dr. Frank Kammer   @   \nEntscheidungsbaum\n253\n\uf0a7Chi-Quadrat geht nur mit kategorischen Ziel-Attributen \n(keine Regression)\n\uf0a7Je größer Chi-Quadrat, desto größer die statistische \nSignifikanz des Unterschieds zw. Eltern- und Kindknoten\n\uf0a7Je besser die Regel, desto größer der Unterschied \nzwischen 𝑝𝑤\u0bdcെ𝑝𝑣\u0bdcund somit desto größer 𝜒ଶ\n4', 'Prof. Dr. Frank Kammer   @   \nLernen in Neuronalen Netzen\n409\n\uf0a7Lernen der KI\n\uf0a7Lösen des linearen Gleichungssystems (effizient & einfach).\n\uf0a7Bestimmen eines Gewichtsvektors 𝑤.\n\uf0a7Vorteile \n\uf0a7Schnell (Polynomielle Zeit)\n\uf0a7Keine Rückkopplung \n\uf0a7Fehlerminimierung\n\uf0a7Nachteile\n\uf0a7Nur lineare Klassifikation \n\uf0a7Batch →Kein iteratives Verfahren \n\uf0a7Eher geeignet für einfache Probleme.\n\uf0a7Quadrieren der Fehler bestraft „Ausreißer“ streng.\n6\nDas wird im \nFolgenden geändert.']","Um die Antwort selbst zu finden, schau dir bitte den Abschnitt „Regression – Lineare Regression“ (Folie 166) im bereitgestellten Text an. 

Achte dabei auf folgende Aspekte:
1. Welchen Zusammenhang versucht die lineare Regression zwischen welchen Variablen darzustellen?
2. In welcher mathematischen Form wird dieser Zusammenhang abgebildet?
3. Welches Kriterium wird verwendet, um die Parameter der Funktion optimal zu bestimmen?","Die lineare Regression stellt den Zusammenhang zwischen einer abhängigen und einer oder mehreren unabhängigen Variablen durch eine lineare Funktion dar, um einen kontinuierlichen Wert vorherzusagen. Die Parameter der Funktion werden dabei so bestimmt, dass die Abweichungen zu den Datenpunkten minimal werden, üblicherweise mit der Methode der kleinsten Quadrate.",0.9999999999,0.0
Wozu dienen Imputationsverfahren bei der Datenvorverarbeitung?,"['Prof. Dr. Frank Kammer   @   \nDatenzusammenhänge und Datenqualität\n757\nMissing Values – Beispiel \n\uf0a7Ist der Bezug zu den Grundgesamtheiten in der \nBevölkerung korrekt?\n\uf0a7Unterstellt in beiden Gruppen die gleiche Testquote!\n\uf0a7Bei 3G kann man vermuten, dass Geimpfte seltener getestet werden\n\uf0a7Wenn Ungeimpfte eher Symptome zeigen, kann vermutet werden, \ndass diese sich häufiger testen lassen\n\uf0a7Lösungsansatz: Kompletterfassung der Daten!\n9', 'Prof. Dr. Frank Kammer   @   \nGrundlagen der Data Science\n3. Daten, Regression und Zeitreihen\n3. Datenvorverarbeitung\n2. Korrelation und Kausalität \n4. Imputationsverfahren \n1. Daten\n3\n5. Regression \n3. Datenvorverarbeitung\n145\n7. KNIME\n6. Zeitreihenanalyse', 'Prof. Dr. Frank Kammer   @   \nGrundlagen der Data Science\n3. Daten, Regression und Zeitreihen\n3. Datenvorverarbeitung\n2. Korrelation und Kausalität \n4. Imputationsverfahren \n1. Daten\n3\n1. Daten\n5. Regression \n133\n7. KNIME\n6. Zeitreihenanalyse', 'Prof. Dr. Frank Kammer   @   \nGrundlagen der Data Science\n3. Daten, Regression und Zeitreihen\n3. Datenvorverarbeitung\n2. Korrelation und Kausalität \n4. Imputationsverfahren \n1. Daten\n3\n5. Regression \n4. Imputationsverfahren\n159\n7. KNIME\n6. Zeitreihenanalyse', 'Prof. Dr. Frank Kammer   @   \nGrundlagen der Data Science\n3. Daten, Regression und Zeitreihen\n3. Datenvorverarbeitung\n2. Korrelation und Kausalität \n4. Imputationsverfahren \n1. Daten\n3\n5. Regression \n131\n7. KNIME\n6. Zeitreihenanalyse']","Schau dir dazu einmal den Abschnitt zu den „Missing Values“ im bereitgestellten Kontext an. Überlege dabei: Welches Problem wird in dem Beispiel beschrieben, wenn Daten nicht vollständig erfasst werden? 

Wenn du dir dann die Struktur der „Datenvorverarbeitung“ ansiehst, in der die „Imputationsverfahren“ aufgeführt sind, ergibt sich ein Zusammenhang. Überlege selbst, welche Rolle solche Verfahren spielen könnten, wenn man mit den zuvor genannten fehlenden Werten (Missing Values) in einem Datensatz umgehen muss.","Imputationsverfahren dienen dazu, im Rahmen der Datenvorverarbeitung mit fehlenden Werten (Missing Values) in einem Datensatz umzugehen, indem sie diese fehlenden Werte ersetzen oder schätzen. So kann ein vollständiger Datensatz für die anschließende Analyse bereitgestellt werden.",0.0,0.0
Was ist der Unterschied zwischen einem normalen Algorithmus und einem Machine-Learning-Algorithmus?,"['Prof. Dr. Frank Kammer   @   \nLernziele\n211\n\uf0a7Sie verstehen den Unterschied zwischen „normalen“ \nAlgorithmen und Maschine-Learning Algorithmen.\n\uf0a7Sie können einen Algorithmus beschreiben, der \nEntscheidungsbäume für eine gegebene klassifizierte \nPunktemenge erstellt. \n\uf0a7Sie können die Gründe für die Verwendung von Random \nForrests anstatt von Entscheidungsbäumen erläutern.\n4', 'Prof. Dr. Frank Kammer   @   \nMachine Learning vs. Klassische Algorithmen\n215\nKlassische Algorithmen\n\uf0a7\nExakte Vorschrift, was wie zu tun ist.\n\uf0a7\nAlle (Sonder-)Fälle brauchen klare Anweisungen.\n\uf0a7\nAlle Anweisungen sind von Menschen definiert.\n\uf0a7\nDas ist meist sehr kostenintensiv in der Entwicklung.\n\uf0a7\nMan weiß genau, was das Algorithmus am Ende tut.\nMachine-Learning-Algorithmen\n\uf0a7\nMöglichkeit der Parametrisierung\n\uf0a7\nSie lernen anhand der zur Verfügung gestellten Daten, wie man mit \nunbekannten Fällen umgeht.\n\uf0a7', 'Prof. Dr. Frank Kammer   @   \nSupervised vs. Unsupervised Machine Learning\n456\nSupervised Machine Learning\n\uf0a7Mehrheit der bekannten ML-Algorithmen\n\uf0a7Gegeben: Eingabevektor 𝑠⃗, gewünschte Ausgabe 𝑡\n\uf0a7Gesucht: Zuordnungsfunktion 𝑓, so dass bei neuem \nEingabevektor 𝑠⃗ᇱdie Ausgabe 𝑡′ gut vorhersagt wird\n\uf0a7Überwachtes Lernen, da \n\uf0a7Trainingsdatensatz Tipps eines Lehrenden\n\uf0a7Lehrende kennen richtige Antworten\n\uf0a7Algorithmus/Schüler macht iterativ Vorhersagen zu den \nTrainingsdaten und wird vom Lehrenden korrigiert.', 'Prof. Dr. Frank Kammer   @   \nDefinition\n213\nMachine Learning is the field of study that gives \ncomputers the ability to learn without being explicitly \nprogrammed. \nArthur Samuel (1959)\nWas ist Machine Learning?\n4', 'Prof. Dr. Frank Kammer   @   \nKontrollfragen\n301\n\uf0a7Was macht Maschine-Learning Algorithmen besonders? \n\uf0a7Was ist ein Entscheidungsbaum? Wie wird dieser \nangewendet?\n\uf0a7Intuitiv betrachtet, wie funktioniert der Algorithmus zum \nFinden eines Entscheidungsbaums aus der Vorlesung?\n\uf0a7Erklären Sie die Probleme von Entscheidungsbäumen \nund warum Random-Forest-Algorithmen in der Praxis \ndie bessere Alternative sind?\n4']","Um diese Frage zu beantworten, schau dir am besten den Abschnitt **„Machine Learning vs. Klassische Algorithmen“** sowie die **Definition von Arthur Samuel** im Kontext an.

Überlege dabei an folgenden Punkten:

*   **Wer legt die Regeln fest?** Vergleiche, wie bei klassischen Algorithmen mit Sonderfällen umgegangen wird und wer die Anweisungen definiert, im Gegensatz dazu, wie ein ML-Algorithmus mit unbekannten Fällen fertig wird.
*   **Wie kommt der Algorithmus zu seinem Ergebnis?** Achte auf den Begriff der „expliziten Programmierung“ in der Definition von Arthur Samuel und überlege, was das für den Unterschied in der Entwicklung bedeutet.
*   **Was passiert mit Daten?** Überlege, welche Rolle die zur Verfügung gestellten Daten bei einem Machine-Learning-Algorithmus spielen, die bei einem klassischen Algorithmus so nicht vorhanden sind.","Bei einem klassischen Algorithmus werden alle Regeln und Sonderfälle explizit vom Entwickler programmiert. Ein Machine-Learning-Algorithmus wird hingegen nicht explizit programmiert, sondern lernt aus bereitgestellten Daten selbst Regeln, um auch mit unbekannten Fällen umzugehen. Nach der Definition von Arthur Samuel bezeichnet Machine Learning die Fähigkeit von Computern zu lernen, ohne explizit programmiert zu werden.",0.499999999975,1.0
Warum verwendet man Random Forests statt einzelner Entscheidungsbäume?,"['Prof. Dr. Frank Kammer   @   \nRandom Forest\n288\nZusammenfassung\n4', 'Prof. Dr. Frank Kammer   @   \nRandom Forest\n276\nErgebnis nach Randomisierung\n\uf0a7\nNach Bootstrapping fehlen den Tabellen einige Spalten und viele Zeilen.\n\uf0a7\nGibt es nur wenige Fehler, so erhält man viele Datasets mit nur richtigen \nWerten →Daraus resultierende Entscheidungsbäume sind auch „richtig“.\n4\nBild:  https://www.knime.com/blog/from-a-single-decision-tree-to-a-random-forest', 'Prof. Dr. Frank Kammer   @   \nRandom Forest\n285\nWichtigkeit eines Attributs p für den Forest\n\uf0a7Formal: 𝑉𝐼𝑝ൌ\n∑\n\u0bcfூ\u0cdfሺ\u0be3ሻ\n\u0cc5\n\u0cdfసభ\n்\n\uf0a7Mittelwert der Merkmalswichtigkeit aller T Bäume des \nRandom Forest\n\uf0a7Alternativ: Mittelwert der Merkmalswichtigkeit über die \nBäume, in denen das Attribut p zur Verzweigung genutzt \nwird\n4', 'Prof. Dr. Frank Kammer   @   \nRandom Forest\n277\nErgebnis Random Forest\n\uf0a7\nMenge mehrerer Entscheidungsbäume, die alle auf leicht \nunterschiedlichen Mengen trainiert wurden. \n4\nBild:  https://www.knime.com/blog/from-a-single-decision-tree-to-a-random-forest', 'Prof. Dr. Frank Kammer   @   \nRandom Forest\n278\nKlassifizierung\n\uf0a7Standard: Mehrheitsregel\n\uf0a7Die Klasse, die von der Mehrheit der Bäume \nprognostiziert wird, wird genommen.\n\uf0a7Während die Vorhersagen eines einzelnen Baums im \nTrainingssatz empfindlich auf Rauschen reagieren, ist \ndas beim Random Forest nicht der Fall – vorausgesetzt, \ndie Bäume sind nicht korreliert. \n4']","Um diese Frage zu beantworten, schau dir bitte die Informationen zur „Klassifizierung“ (Folie 278) und zum „Ergebnis Random Forest“ (Folie 277) an.

Überlege dabei besonders folgende Punkte:

1. Wie reagiert ein einzelner Entscheidungsbaum laut den Unterlagen auf „Rauschen“ im Trainingssatz im Vergleich zu einem Random Forest?
2. Welche Rolle spielt die Tatsache, dass ein Random Forest aus einer Menge mehrerer Bäume besteht, die auf leicht unterschiedlichen Datensätzen trainiert wurden?
3. Welches Prinzip wird bei der Klassifizierung angewandt, um ein Ergebnis festzulegen, und warum könnte dies einen Vorteil gegenüber der Vorhersage eines einzelnen Baums bieten?","Ein Random Forest besteht aus mehreren Entscheidungsbäumen, die auf leicht unterschiedlichen Datensätzen trainiert werden, und bestimmt sein Ergebnis durch die Kombination ihrer Vorhersagen. Dadurch ist er robuster gegenüber Rauschen in den Trainingsdaten und liefert in der Regel genauere und stabilere Vorhersagen als ein einzelner Entscheidungsbaum, der zu Überanpassung neigt.",0.32499999998375,0.5
Was ist ein Suchbaum und welches Problem entsteht bei seiner Größe?,"['Prof. Dr. Frank Kammer   @   \nLernziele\n305\n\uf0a7Sie wissen was Suchbäume sind und verstehen das \nProblem mit der schnell wachsenden Größe.\n\uf0a7Sie können mithilfe der Minimax-Suche eine KI für \neinfache Spiele wie zum Beispiel „4 gewinnt“ realisieren.\n\uf0a7Sie können die Komplexität eines Suchbaumalgorithmus \nanalysieren und verschiedenste Techniken zur \nKomplexitätsreduktion anwenden.\n5', 'Prof. Dr. Frank Kammer   @   \nSuchbäume\n309\nSuchbaum für 8-Feld Puzzle\n5\nSuchbaum zum Finden einer Lösung\n?', 'Prof. Dr. Frank Kammer   @   \nSuchbäume\n307\nSuchalgorithmen in der KI\n\uf0a7In der künstlichen Intelligenz sind Suchverfahren \nallgemein gültige Problemlösungsmethoden. \n\uf0a7Suchen: Die Suche ist ein schrittweises Verfahren zur \nLösung eines Suchproblems. \n\uf0a7Ein Suchproblem wird definiert durch\n\uf0a7Suchraum\n\uf0a7Startzustand\n\uf0a7Zielzustand\n\uf0a7Aktionen und deren Kosten\n5', 'Prof. Dr. Frank Kammer   @   \nKontrollfragen\n357\n\uf0a7Wodurch wird ein Suchbaumalgorithmus definiert?\n\uf0a7Welche Parameter sind entscheidend für die Laufzeit \neines Suchbaumalgorithmus?\n\uf0a7Warum findet die A*-Suche eine optimale Lösung?\n\uf0a7Geben eine gute Bewertungsfunktion für Tik-Tak-Toe an. \n\uf0a7Wie sieht eine Minimax-Suche für Tik-Tak-Toe aus? \nVerwenden Sie als Startzustand einen Zustand mit \nmöglichst vielen freien Feldern.\n\uf0a7Wie sieht eine gute Bewertungsfunktion für ein anderes \nSpiel Ihrer Wahl aus?\n5', 'Prof. Dr. Frank Kammer   @   \nSuchbäume\n312\nSuchbaum-Algorithmen\n\uf0a7Vollständiger Suchalgorithmus: \nFür jedes lösbare Problem wird eine Lösung gefunden. \n\uf0a7Optimaler Suchalgorithmus: \nEs wird immer die Lösung mit den niedrigsten Kosten \ngefunden, sofern überhaupt eine Lösung existiert.\n\uf0a7Verweigungsfaktor b (branching vector): \nDie Zahl der Nachfolgezustände, die ein Agent in einem \nZustand hat. \n\uf0a7Tiefe d des Suchbaumes: \nAnzahl Lösungsschritte\n\uf0a7Laufzeit: \nProportional zur Anzahl Knoten im Suchbaum, also bd\n4']","Um diese Frage zu beantworten, schau dir bitte die folgenden Abschnitte im bereitgestellten Kontext an:

1.  **Zur Definition:** Wirf einen Blick auf die Folie **""Suchalgorithmen in der KI""**. Dort wird beschrieben, was Suchen im Allgemeinen ist und aus welchen Komponenten ein Suchproblem definiert wird. Überlege dir anhand dieser Punkte, wie ein Suchbaum diese Elemente strukturell abbildet.
2.  **Zum Problem der Größe:** Schau zuerst in die **""Lernziele""**, wo das Problem der Größe bereits kurz erwähnt wird. Um zu verstehen, *warum* genau die Größe problematisch ist, analysiere die Folie **""Suchbaum-Algorithmen""**. Achte dort besonders auf die Definition des Verzweigungsfaktors ($b$), der Tiefe ($d$) und die daraus resultierende Formel für die Laufzeit.

Überlege dir dann: Wie verändert sich die Anzahl der Knoten im Baum, wenn die Tiefe oder der Verzweigungsfaktor nur geringfügig ansteigt?","Ein Suchbaum stellt die möglichen Zustände eines Suchproblems strukturiert dar, ausgehend von einem Anfangszustand über die möglichen Aktionen bis zu den Folgezuständen. Das Problem seiner Größe besteht darin, dass die Anzahl der Knoten mit zunehmender Tiefe exponentiell wächst: Bei einem Verzweigungsfaktor b und einer Tiefe d steigt die Zahl der Knoten in der Größenordnung b hoch d, sodass schon ein geringer Anstieg von Tiefe oder Verzweigungsfaktor die Baumgröße drastisch vergrößert.",0.19999999998,0.5
Wie funktioniert die Minimax-Suche bei Spielen?,"['Prof. Dr. Frank Kammer   @   \nLernziele\n305\n\uf0a7Sie wissen was Suchbäume sind und verstehen das \nProblem mit der schnell wachsenden Größe.\n\uf0a7Sie können mithilfe der Minimax-Suche eine KI für \neinfache Spiele wie zum Beispiel „4 gewinnt“ realisieren.\n\uf0a7Sie können die Komplexität eines Suchbaumalgorithmus \nanalysieren und verschiedenste Techniken zur \nKomplexitätsreduktion anwenden.\n5', 'Prof. Dr. Frank Kammer   @   \nMinimax-Suche\n336\nSpiele mit Gegner\n\uf0a7Müssen die blauen Blätter noch ausgewertet werden?\n\uf0a7Nein! Wert 7 ist größer als mögl. Wert \u0d511 im anderen \nSpielzug \n\uf0a7Abschneiden!\n5\n3\n6\n≥7\n2\n4\n6\n6\n2\n0\n1\n6\n7\n2\n2\n4\n1\n6\n4\n0 7 9 1 6 7\n7 8\n1 5 8\n9 2 2 3\n4 5 1 2\n7 6 9 4\nMax\nMin\nMax\nMin\n≤1\n→\nMax kann nicht mehr besser werden.', 'Prof. Dr. Frank Kammer   @   \nMinimax-Suche\n333\nSpiele mit Gegner\n\uf0a7Wie konstruiert man eine KI für solche Spiele?\n\uf0a7Idee: Benutzung eines speziellen Suchbaums.\n\uf0a7Wähle unter allen möglichen Zuständen den mit der \ngrößten Bewertung aus. \n\uf0deSpieler: Max\n\uf0a7Annahme: Gegner spielt bestmöglich in seinem Sinne\n\uf0deGegnerischer Spieler: Min\n5', 'Prof. Dr. Frank Kammer   @   \nMinimax-Suche\n332\nSpiele mit Gegner\n\uf0a7deterministisch \n\uf0a7beobachtbar\n\uf0a7Nullsummenspiele \n(Gewinn eines Spielers = Verlust des anderen).\n\uf0a7Suchbaum mit allen Zügen i.d.R.\n\uf0a7Verzweigungsfaktor b≫5 \n\uf0a7Tiefe d≫20\n\uf0deKein Durchdenken bis zum Ende \n\uf0deKI und Bewertungsfunktion f \n5\nKennen Sie solche Spiele?', 'Prof. Dr. Frank Kammer   @   \nGrundlagen der Data Science\n331\n5. Suchen und Spielen\n3. Minimax-Suche\n2. Iterative Deepening und A*-Suche\n4. Bewertungsfunktionen\n1. Suchbäume \n5']","Um zu verstehen, wie die Minimax-Suche funktioniert, kannst du dir folgende Denkrichtungen und Fragen zu den bereitgestellten Unterlagen ansehen:

*   **Die Rollen der Spieler:** Überlege dir, welche unterschiedlichen Ziele die beiden Spieler „Max“ und „Min“ in diesem Modell verfolgen. Was versucht Max zu maximieren und was versucht Min im Gegenzug?
*   **Die Struktur der Suche:** Schau dir an, wie die Spielzüge dargestellt werden. Welches Konzept wird genutzt, um alle möglichen Zustände und Züge abzubilden?
*   **Die Annahme über den Gegner:** Welchen Einfluss hat die Annahme, dass der Gegner „bestmöglich in seinem Sinne“ spielt, auf die Entscheidung von Max?
*   **Umgang mit Komplexität:** In den Unterlagen wird erwähnt, dass Suchbäume oft zu groß sind (Verzweigungsfaktor $b$ und Tiefe $d$). Überlege, welche Rolle hierbei eine „Bewertungsfunktion $f$“ spielt, wenn man das Spiel nicht bis zum Ende durchdenken kann.
*   **Effizienzsteigerung:** Wirf einen Blick auf den Abschnitt zum „Abschneiden“. Unter welchen Bedingungen ist es nicht mehr notwendig, bestimmte Zweige des Suchbaums zu untersuchen?

Wenn du diese Punkte analysierst, wirst du das Prinzip der Minimax-Suche eigenständig herleiten können.","Die Minimax-Suche bestimmt den besten Zug in einem Zwei-Personen-Spiel, indem sie annimmt, dass der Gegner stets bestmöglich in seinem Sinne spielt. Der Spieler Max versucht, den Wert zu maximieren, während der Gegenspieler Min ihn zu minimieren versucht. Die möglichen Züge werden als Suchbaum dargestellt, dessen Blätter über eine Bewertungsfunktion beurteilt werden, wenn das Spiel nicht bis zum Ende durchgerechnet werden kann.",0.4166666666458333,1.0
Wie funktioniert ein Perzeptron?,"['Prof. Dr. Frank Kammer   @   \nBeispiel Handschriftenerkennung\n\uf0a7Eingabevektor mit 784 Pixeln\n\uf0a7Nicht ein Perzeptron (lila), \nsondern 512 parallele Perzeptrons\nPerzeptron\n397\n6', 'Prof. Dr. Frank Kammer   @   \nBeispiel Handschriftenerkennung\n\uf0a7Eingabevektor mit 784 Pixeln\n\uf0a7Insgesamt 2*512+10=1034 Perzeptions\nPerzeptron\n398\n6', 'Prof. Dr. Frank Kammer   @   \nLernziele\n361\n\uf0a7Sie verstehen, wie künstliche neuronale Netze (NN) \nfunktionieren und wie sie trainiert werden.\n\uf0a7Sie können die Idee eines Perzeptrons in neuronalen \nNetzen beschreiben.\n\uf0a7Sie können die (inkrementelle) Delta-Regel erklären.\n\uf0a7Sie verstehen die Idee hinter dem Backpropagation-\nAlgorithmus.\n6', 'Prof. Dr. Frank Kammer   @   \nPerzeptron\n381\nLineare Separierbarkeit\n6\n∃𝑤\u0bdc∈ℝ, 1 \u0d51𝑖\u0d51𝑛: \u0dcd𝑤\u0bdc· 𝑥\u0bdc\nି\n\u0be1\n\u0bdcୀଵ\n\u0d51Θ ൏\u0dcd𝑤\u0bdc· 𝑥\u0bdc\nା\n\u0be1\n\u0bdcୀଵ\nAn welchen Punkten werden die Achsen \ngeschnitten?', 'Prof. Dr. Frank Kammer   @   \nPerzeptron\n384\nLineare Separierbarkeit – Perzeptron\nAlternative zu Parameter Θ ?\n\uf0deEinführung eines Bias als Input\n6\n𝒙𝟏\n𝒙𝟐\n\u0dcd\n𝒂𝒌𝒕𝒊𝒗𝒊𝒕ä𝒕\n𝒐𝒖𝒕𝒑𝒖𝒕\n𝒘𝟏\n𝒘𝟐\n𝑎𝑘𝑡𝑖𝑣𝑖𝑡ä𝑡ൌቊ0\n𝑖𝑛𝑝𝑢𝑡൏Θ\n1\nΘ \u0d51𝑖𝑛𝑝𝑢𝑡\n𝑖𝑛𝑝𝑢𝑡ൌ\u0dcd𝑤\u0bdc\n\u0be1\n\u0bdcୀଵ\n𝑥\u0bdc']","Um zu verstehen, wie ein Perzeptron funktioniert, schau dir bitte die Folien 381 und 384 im Kontext an. Überlege dir dabei folgende Aspekte:

1.  **Die Verarbeitung der Eingaben:** Betrachte die Formel für den `input`. Was passiert dort mit den Eingangswerten ($x_i$) und den zugehörigen Gewichten ($w_i$)?
2.  **Die Entscheidung (Aktivierung):** Schau dir den Abschnitt zur `aktivität` an. Welche Rolle spielt hier der Parameter $\Theta$ (der Schwellenwert)? Was passiert mit dem Output, je nachdem, ob der berechnete Input größer oder kleiner als $\Theta$ ist?
3.  **Die Optimierung:** In Folie 384 wird eine Alternative zum Parameter $\Theta$ erwähnt. Welches Konzept wird dort eingeführt, um die Funktion des Perzeptrons zu ergänzen?

Wenn du diese drei Punkte kombinierst, kannst du den Funktionsmechanismus eines Perzeptrons eigenständig beschreiben.","Ein Perzeptron berechnet zunächst eine gewichtete Summe seiner Eingabewerte, indem jeder Eingang mit seinem Gewicht multipliziert und die Produkte aufsummiert werden. Dieser Wert wird anschließend mit einem Schwellenwert verglichen: Liegt die gewichtete Summe über dem Schwellenwert, gibt das Perzeptron eine Aktivierung aus, andernfalls nicht. Auf diese Weise trifft das Perzeptron eine einfache binäre Entscheidung.",0.32499999998375,1.0
Wie werden künstliche neuronale Netze trainiert?,"['Prof. Dr. Frank Kammer   @   \nLernen in Neuronalen Netzen\n402\n6\n𝒙𝟏\n𝒙𝟐\n𝒙𝒏\n𝒘𝟏\n𝒘𝟐\n𝒘𝒏\n𝑧ൌ𝑖𝑛𝑝𝑢𝑡ൌ𝑏\u0d45\u0dcd𝑤\u0bdc\n\u0be1\n\u0bdcୀଵ\n𝑥\u0bdc\n…\n𝑜𝑢𝑡𝑝𝑢𝑡ൌ𝑓𝑖𝑛𝑝𝑢𝑡\nz\n\uf0a7Gegeben:\nN Trainingsdatensätze \n𝑠ଵ, 𝑡ଵ, … , 𝑠ே, 𝑡ே\nmit \nEingabevektoren 𝑠\u0bde∈0; 1 \u0be1und Sollausgabe 𝑡ଵ∈0; 1\n\uf0a7Gesucht: Gewichte der Inputfunktion\n\uf0a7Löse Gleichungssystem 𝐴𝑤ൌ𝑏mit \n\uf0a7Damit wird für alle Eingaben 𝑥⃗ൌ𝑠\u0bdeeine Ausgabe 𝑓𝑥⃗ൌ𝑤𝑥⃗\nmit minimalem Fehler berechnet.\n𝐴\u0bdc\u0bddൌ\u0dcd𝑠\u0bdc\n\u0bde𝑠\u0bdd\n\u0bde\nே\n\u0bdeୀଵ\n𝑏\u0bddൌ\u0dcd𝑡\u0bde𝑠\u0bdd\n\u0bde\nே\n\u0bdeୀଵ\nund\nErgebnis!', 'Prof. Dr. Frank Kammer   @   \nGrundlagen neuronaler Netze\n363\n6\nMethode der subsymbolischen KI, die der Struktur und \nArbeitsweise des Gehirns nachempfunden ist. \nEin Neuronales Netz besteht aus einer Vielzahl über \nKommunikationskanäle verbundener Neuronen.\nWas ist ein Neuronales Netz (NN)?', 'Prof. Dr. Frank Kammer   @   \nGrundlagen neuronaler Netze\n364\nStärken Neuronaler Netze\n\uf0a7Auswertung unstrukturierter Daten \n\uf0a7Finden von Mustern\n6', 'Prof. Dr. Frank Kammer   @   \nLernen in Neuronalen Netzen\n401\n\uf0a7Wissen wird durch die Gewichte wi repräsentiert\n\uf0deFinde für jedes Output-Neuron einzeln Gewichte wi mit \nminimalem Fehler\n6\n𝒙𝟏\n𝒙𝟐\n𝒙𝒏\n𝒘𝟏\n𝒘𝟐\n𝒘𝒏\n𝑧ൌ𝑖𝑛𝑝𝑢𝑡ൌ𝑏\u0d45\u0dcd𝑤\u0bdc\n\u0be1\n\u0bdcୀଵ\n𝑥\u0bdc\n…\n𝑜𝑢𝑡𝑝𝑢𝑡ൌ𝑓𝑖𝑛𝑝𝑢𝑡\nz', 'Prof. Dr. Frank Kammer   @   \nPerzeptron\n399\n6\nNein! \nZunächst müssen die korrekten Gewichte gefunden \nwerden!\nKönnen mit dem Netz sofort Zahlen erkannt \nwerden?\nWie findet man die Gewichte?\nDurch Training des Netzes!']","Um diese Frage zu beantworten, schau dir bitte die Abschnitte „Lernen in Neuronalen Netzen“ und „Perzeptron“ in deinen Unterlagen an. Überlege dabei zu folgenden Punkten:

*   **Was ist das Ziel?** Überlege, was genau in einem neuronalen Netz angepasst werden muss, damit es Wissen repräsentieren kann und welche Rolle der „Fehler“ dabei spielt.
*   **Welche Daten werden benötigt?** Schau dir an, welche Informationen (Eingabevektoren und Sollausgaben) bereitgestellt werden müssen, um den Lernprozess zu starten.
*   **Welcher mathematische Weg wird vorgeschlagen?** Wirf einen Blick auf die Formeln auf Folie 402. Welcher Art von mathematischem Problem (z. B. welche Art von Gleichungssystem) wird die Suche nach den optimalen Gewichten dort gleichgestellt?

Wenn du diese Punkte kombinierst, wirst du den im Kontext beschriebenen Weg des Trainings finden.","Ein künstliches neuronales Netz wird trainiert, indem seine Gewichte schrittweise so angepasst werden, dass der Fehler zwischen der erzeugten Ausgabe und der erwarteten Sollausgabe minimiert wird. Dazu werden Trainingsdaten in Form von Eingabevektoren mit den zugehörigen Sollausgaben benötigt. Die Suche nach den optimalen Gewichten lässt sich dabei als Lösen eines Gleichungssystems auffassen.",0.7499999999625,1.0
Was ist die Grundidee des Backpropagation-Algorithmus?,"['Prof. Dr. Frank Kammer   @   \nBackpropagation\n442\nVorteile\n\uf0a7\nSehr schnell\n\uf0a7\nEinfach zu programmieren und zu verstehen.\n\uf0a7\nAuch nicht-lineare Klassifikationen\nAnwendungen: \n\uf0a7\nBild-Erkennung \n\uf0a7\nSprach-Erkennung\n\uf0a7\nSprach-Wiedergabe\n\uf0a7\nNachteile\n\uf0a7\nÜberanpassung (engl. overfitting)\n\uf0a7\nProblematisch, weil \n\uf0a7die Daten oft etwas verrauscht sind \n\uf0a7die Ausnahme die Regel eben nicht bestätigt\n6', 'Prof. Dr. Frank Kammer   @   \nLernziele\n361\n\uf0a7Sie verstehen, wie künstliche neuronale Netze (NN) \nfunktionieren und wie sie trainiert werden.\n\uf0a7Sie können die Idee eines Perzeptrons in neuronalen \nNetzen beschreiben.\n\uf0a7Sie können die (inkrementelle) Delta-Regel erklären.\n\uf0a7Sie verstehen die Idee hinter dem Backpropagation-\nAlgorithmus.\n6', 'Prof. Dr. Frank Kammer   @   \nBackpropagation\n443\nLiteratur\n\uf0a7https://mattmazur.com/2015/03/17/a-step-by-step-\nbackpropagation-example/\n\uf0a7https://medium.com/@14prakash/back-propagation-is-\nvery-simple-who-made-it-complicated-97b794c97e5c\n\uf0a7https://www.youtube.com/watch?v=q555kfIFUCM\n6', 'Prof. Dr. Frank Kammer   @   \nDeep Learning\n494\nConvolutional Neural Networks\nTraining\n\uf0a7Backpropagration\n\uf0a7Herausforderung: Backpropagation findet bei vielen \nZwischenschichten meist nur lokale Minima.\n\uf0a7Variation der Lernrate entscheidend\n\uf0a7Start mit Zufallszahlen für alle Werte (Filter, Gewichte)\n6', 'Prof. Dr. Frank Kammer   @   \nBackpropagation\n433\nGewichtsanpassung\n6\n𝑤\u0bdc,\u0bdd\n\u0bdf \u0be1\u0bd8௨ൌ𝑤\u0bdc,\u0bdd\n\u0bdf \u0bd4\u0bdf௧\u0d45∆\u0bde𝑤\u0bdc,\u0bdd\n\u0bdf \n∆\u0bde𝑤\u0bdc,\u0bdd\n\u0bdf ൌℓ𝜕𝐸\u0bda\u0bd8௦\u0bd4\u0be0௧\n𝜕𝑤\u0bdc,\u0bdd\n\u0bdf \n𝜕𝐸\u0bda\u0bd8௦\u0bd4\u0be0௧\n𝜕𝑤\u0bdc,\u0bdd\n\u0bdf \nൌ𝜕𝐸\u0bda\u0bd8௦\u0bd4\u0be0௧\n𝜕𝑥\u0bdd\n\u0bdf\n𝜕𝑥\u0bdd\n\u0bdf\n𝜕𝑖𝑛𝑝𝑢𝑡\u0bdd\n\u0bdf\n𝜕𝑖𝑛𝑝𝑢𝑡\u0bdd\n\u0bdf\n𝜕𝑤\u0bdc,\u0bdd\n\u0bdf \n𝒘𝟏,𝒋\n𝒍\n𝒘𝒎,𝒋\n𝒍\n𝒘𝒊,𝒋\n𝒍\n𝑧\u0bdc\n\u0bdfିଵ\n𝑥\u0bdd\n\u0bdf\n𝑖𝑛𝑝𝑢𝑡\u0bdd\n\u0bdf\n𝐸\u0bda\u0bd8௦\u0bd4\u0be0௧\n𝐸\u0bda\u0bd8௦\u0bd4\u0be0௧ൌ1\n𝑅\u0dcd𝑡\u0be5\u0bdeെ𝑜\u0be5\u0bdeଶ\nோ\n\u0be5ୀଵ\nGesamtfehler des Netzes beim Anlegen von \nDatensatz  𝑠\u0bde, 𝑡\u0bde, mit 𝑜\u0be5\u0bdeൌ𝑥\u0be5\u0be0\u0bd4௫Ausgabe-Neuron']","Um die Grundidee des Backpropagation-Algorithmus zu verstehen, schau dir am besten folgende Punkte im Kontext an:

*   **Zweck:** Überlege zuerst, wofür Backpropagation im Zusammenhang mit künstlichen neuronalen Netzen (NN) und Convolutional Neural Networks (CNN) eingesetzt wird. Welchen Prozess im Lebenszyklus eines Modells unterstützt dies?
*   **Mechanismus der Anpassung:** Betrachte den Abschnitt zur „Gewichtsanpassung“. Welche Rolle spielt dort der „Gesamtfehler des Netzes“ ($E_{Gesamt}$)?
*   **Mathematischer Ansatz:** Analysiere die Formel für $\Delta w_{i,j}^l$. Überlege, was die partielle Ableitung ($\frac{\partial E_{Gesamt}}{\partial w_{i,j}^l}$) über den Zusammenhang zwischen einem bestimmten Gewicht und dem Fehler aussagt und wie die Lernrate ($\ell$) diesen Prozess beeinflusst.

Wenn du diese Punkte verknüpfst, erkennst du, wie das Netz seine internen Parameter anpasst, um den Fehler zu minimieren.","Der Backpropagation-Algorithmus dient dazu, die Gewichte eines neuronalen Netzes anhand des Gesamtfehlers anzupassen. Dabei wird für jedes Gewicht über die partielle Ableitung des Fehlers nach diesem Gewicht bestimmt, in welche Richtung und wie stark es verändert werden muss, um den Fehler zu verringern. Die Lernrate steuert dabei, wie groß die einzelnen Anpassungsschritte ausfallen. Auf diese Weise wird der Fehler von der Ausgabe schrittweise rückwärts durch das Netz verteilt.",0.19999999998,1.0
Wozu dient die Bayes-Formel beim Schließen mit Unsicherheit?,"['Prof. Dr. Frank Kammer   @   \nGrundlagen der Data Science\n577\n7. Schließen mit Unsicherheit\n1. Prädikatenlogik\n7\n4. Bayes-Formel\n3. Erweiterter Modus Ponens\n5. Schließen mit Bayes-Netzen\n2. Rechnen mit Wahrscheinlichkeiten', 'Prof. Dr. Frank Kammer   @   \nGrundlagen der Data Science\n541\n7. Schließen mit Unsicherheit\n1. Prädikatenlogik\n7\n4. Bayes-Formel\n3. Erweiterter Modus Ponens\n5. Schließen mit Bayes-Netzen\n2. Rechnen mit Wahrscheinlichkeiten', 'Prof. Dr. Frank Kammer   @   \nGrundlagen der Data Science\n537\n7. Schließen mit Unsicherheit\n1. Prädikatenlogik\n7\n4. Bayes-Formel\n3. Erweiterter Modus Ponens\n5. Schließen mit Bayes-Netzen\n2. Rechnen mit Wahrscheinlichkeiten', 'Prof. Dr. Frank Kammer   @   \nGrundlagen der Data Science\n560\n7. Schließen mit Unsicherheit\n1. Prädikatenlogik\n7\n4. Bayes-Formel\n3. Erweiterter Modus Ponens\n5. Schließen mit Bayes-Netzen\n2. Rechnen mit Wahrscheinlichkeiten', 'Prof. Dr. Frank Kammer   @   \nGrundlagen der Data Science\n535\n7. Schließen mit Unsicherheit\n1. Prädikatenlogik\n7\n4. Bayes-Formel\n3. Erweiterter Modus Ponens\n5. Schließen mit Bayes-Netzen\n2. Rechnen mit Wahrscheinlichkeiten']","Schau dir die Struktur der bereitgestellten Informationen an. Dort wird die Bayes-Formel als ein spezifischer Punkt unter dem übergeordneten Thema „Schließen mit Unsicherheit“ aufgeführt.

Überlege einmal: Wenn es im Kontext des Kurses auch um das „Rechnen mit Wahrscheinlichkeiten“ geht, welche Rolle könnte eine entsprechende Formel dabei spielen, um Schlussfolgerungen zu ziehen, wenn man nicht über vollständige Gewissheit verfügt?","Die klassische Aussagen- und Prädikatenlogik stößt an ihre Grenzen, wenn Wissen unsicher ist oder Ausnahmen enthält, wie das Beispiel von Tweety zeigt, bei dem eine widersprüchliche Wissensbasis entsteht. Um dennoch konsistent schließen zu können, wird Unsicherheit über Wahrscheinlichkeiten modelliert. Die Bayes-Formel dient in diesem Zusammenhang dazu, Wahrscheinlichkeiten für Schlussfolgerungen zu berechnen und den Modus Ponens auf unsichere Aussagen zu verallgemeinern.",0.0,0.0
Was sind die Grenzen der normalen Aussagen- bzw. Prädikatenlogik?,"['Prof. Dr. Frank Kammer   @   \nLernziele\n536\n\uf0a7Sie kennen die Grenzen der normalen \nAussagen-/Prädikatenlogik.\n\uf0a7Sie wissen, dass der Modus Ponens mit \nWahrscheinlichkeiten verallgemeinert werden kann \nund verstehen den Nutzen. \n\uf0a7Sie können Bayes-Netze anwenden, um leichte \nwahrscheinlichkeitsbehaftete Folgerungen \nauszudrücken. \n7', '3.\n𝑃𝐸: Wahrscheinlichkeit der Evidenz\n\uf0a7Prozentualer Anteil der Instanzen mit dem Merkmalsvektor 𝐸im \nDatensatz\n7', 'Wirkung\n\uf0a7Trotz Vielzahl denkbarer Zusammenhänge wird erstbeste \nausgewählt. \n9', 'Prof. Dr. Frank Kammer   @   \nPerzeptron\n381\nLineare Separierbarkeit\n6\n∃𝑤\u0bdc∈ℝ, 1 \u0d51𝑖\u0d51𝑛: \u0dcd𝑤\u0bdc· 𝑥\u0bdc\nି\n\u0be1\n\u0bdcୀଵ\n\u0d51Θ ൏\u0dcd𝑤\u0bdc· 𝑥\u0bdc\nା\n\u0be1\n\u0bdcୀଵ\nAn welchen Punkten werden die Achsen \ngeschnitten?', 'völlig falschen Inzidenzverhältnissen geführt“\n\uf0a7(Zitate von Walter Jonas, Leiter des LGL im merkur am 5.12.21)\n9']","Schau dir bitte die Lernziele im bereitgestellten Kontext an. 

Dort wird ein Hinweis auf die Verallgemeinerung des Modus Ponens sowie die Anwendung von Bayes-Netzen gegeben. Überlege dir anhand dieser Punkte: Welches Element kommt in den genannten Erweiterungen (Wahrscheinlichkeiten, Bayes-Netze) hinzu, das in der klassischen Aussagen- oder Prädikatenlogik vermutlich fehlt? Warum könnte das für die Folgerungen in der Praxis nützlich sein?","Die klassische Aussagen- und Prädikatenlogik stößt an ihre Grenzen, wenn Wissen unsicher ist oder Ausnahmen enthält. Das Beispiel von Tweety zeigt, dass strikte logische Regeln in solchen Fällen zu einer widersprüchlichen Wissensbasis führen können. Es fehlt die Möglichkeit, Unsicherheit auszudrücken. Erst durch die Einführung von Wahrscheinlichkeiten, etwa über einen verallgemeinerten Modus Ponens oder Bayes-Netze, lässt sich unsicheres Wissen konsistent modellieren und für praktische Folgerungen nutzen.",0.0,0.25
Warum ist erklärbare KI wichtig?,"['Prof. Dr. Frank Kammer   @   \nMotivation\n619\nWas macht eine gute Erklärung aus?\n\uf0a7Antwort auf die Frage nach dem „Warum“.\n\uf0a7Dieselbe Erklärung ruft bei verschiedenen Personen \nunterschiedliche Reaktionen hervor. \n\uf0a7Entsprechend verschieden sind die Bedarfe von \nNutzergruppen\n\uf0a7Entwicklungsteam: Erklärungen, um System zu verbessern \n\uf0a7Unternehmen: Erklärungen zur Zuverlässigkeit des Systems\n\uf0a7Kunden: Welche Faktoren beeinflussen die Entscheidung?\n\uf0a7etc.\n\uf0deZiel: Größtmögliches Vertrauen ins KI-System schaffen\n8', 'Prof. Dr. Frank Kammer   @   \nArten und Methoden der Erklärbarkeit\n623\nKI-Mächtigkeit und Erklärbarkeit\n8\nBraucht jedes Verfahren ein eigenes Erklärungsverfahren?\nBild: https://www.youtube.com/watch?v=6xePkn3-LME', 'Prof. Dr. Frank Kammer   @   \nLernziele\n597\n\uf0a7Was ist erklärbare KI (Explainable AI, XAI), und \nwarum ist diese wichtig?\n\uf0a7Was macht eine gute Erklärung aus?\n\uf0a7Welche technischen Verfahren zum Finden von \nErklärungen zu KI-Modellen existieren bereits?\n\uf0a7Wie klassifiziert man diese Verfahren? Was sind gute \nVerfahren?\n8', 'Wirkung\n\uf0a7Trotz Vielzahl denkbarer Zusammenhänge wird erstbeste \nausgewählt. \n9', 'Auswahlentscheidung\n4']","Schau dir dazu einmal den Abschnitt zur „Motivation“ in deinen Unterlagen an. Um die Antwort zu finden, könntest du dir folgende Fragen stellen:

*   Welche verschiedenen Nutzergruppen (z. B. Entwicklungsteams, Unternehmen oder Kunden) werden genannt und welche unterschiedlichen Bedürfnisse haben diese an eine Erklärung?
*   Welches übergeordnete Ziel soll durch den Einsatz von Erklärungen im Hinblick auf das KI-System erreicht werden?","Erklärbare KI ist wichtig, weil verschiedene Nutzergruppen wie Entwicklungsteams, Unternehmen und Kunden unterschiedliche Bedürfnisse an die Nachvollziehbarkeit von KI-Entscheidungen haben. Erklärungen sollen die Entscheidungen eines KI-Systems nachvollziehbar und überprüfbar machen und dadurch Vertrauen in das System schaffen sowie seine verantwortungsvolle Nutzung ermöglichen.",0.9999999999,0.5
Was ist die Grundidee von SHAP?,"['Prof. Dr. Frank Kammer   @   \nSHapley Additive exPlanation (SHAP)\n643\nBeispiel\n\uf0a7Wie geht die Temperatur in die Prognose ein?\n\uf0a7Idee: Fixiere alle Werte und variiere die Temperatur:\n[ 30, 1, 100, 4 ] →1100\n[ 20, 1, 100, 4 ] →\n500\n[ 10, 1, 100, 4 ] →\n100\n\uf0a7Änderungen pro Grad in Bezug auf \nUrsprungsdatensatz [25, 1, 100, 4] →1000\n\uf0a7100/5=20\n\uf0a7-500/-5=100 \n\uf0a7-900/-15=60\n\uf0a7Durchschnitt: 60 Extra-Verkäufe mit jedem Extra-Grad\n8', 'Prof. Dr. Frank Kammer   @   \nSHapley Additive exPlanation (SHAP)\n640\nGenerelle Idee\n\uf0a7Generiere neue Datensätze um die bestehenden \nDatenpunkte herum\n\uf0a7Verwende das zu erklärende KI-Modell zur Berechnung \ndes Funktionswertes\n\uf0a7Bilde Mittelwerte\n\uf0deNicht die Differenz zwischen Ergebnissen mit und ohne\neines Merkmals\n\uf0deSondern Beitrag eines Merkmals zur Differenz zwischen\naktuellem Ergebnis und durchschnittlichem Ergebnis\n8', 'Prof. Dr. Frank Kammer   @   \nSHapley Additive exPlanation (SHAP)\n650\n8\nT = 25\nW=1\nF=100\nÖ=4\nOutput = 1000\nOutput = 1000\nT = 25\nW=1\nF=100\nÖ=4\nErklärung  \n+200\n-120\n+20\n+25\nBild: https://github.com/slundberg/shap', 'Prof. Dr. Frank Kammer   @   \nKI und Copyright\n703\nSchutz KI-generierter Werke\nBeispiel\n\uf0a7Pariser Künstlergruppe “Obvious”\n\uf0a7Das Porträt ""Edmond de Belamy""\n\uf0a7Über 400.000 $ versteigert\n\uf0a7Signiert mit:\nmin G max D x[LOG(D(X))] + z[log(1-D(G(z)))]\n9\nhttps://www.sueddeutsche.de/kultur/kuenstliche-\nintelligenz-kunst-urheberrecht-1.4269906\nSpinne ich, wenn ich denke, dass sie \nausschließlich meine Arbeit genutzt \nhaben?\n- Robbie Barrat, Twitter', 'Prof. Dr. Frank Kammer   @   \nZeitreihe\n182\n3\nEine Zeitreihe ist eine zeitlich geordnete Folge \nstatistischer Maßzahlen, \nz.B. Einwohnerzahl über mehrere Jahre, \nAktienkursentwicklungen, Tagestemperaturen, …\nWas ist eine Zeitreihe?']","Um die Grundidee von SHAP zu verstehen, schau dir am besten die Folie mit der Überschrift „Generelle Idee“ (Seite 640) an.

Überlege dir bei der Beantwortung folgende Punkte:
* Was passiert mit den bestehenden Datenpunkten, um die Funktionswerte des KI-Modells zu untersuchen?
* Geht es bei der Berechnung lediglich darum, ob ein Merkmal vorhanden ist oder nicht, oder steht der Vergleich zwischen dem aktuellen Ergebnis und einem Durchschnittswert im Vordergrund?
* Wie wird in dem Beispiel auf Seite 643 vorgegangen, um den Einfluss eines einzelnen Merkmals (hier: die Temperatur) zu isolieren?","Die Grundidee von SHAP besteht darin, den Einfluss einzelner Merkmale auf die Vorhersage eines KI-Modells zu bestimmen. Dazu werden bestehende Datenpunkte gezielt verändert, um zu untersuchen, wie sich das Ergebnis ändert. Entscheidend ist dabei nicht nur, ob ein Merkmal vorhanden ist, sondern der Vergleich des tatsächlichen Ergebnisses mit einem Durchschnittswert, wodurch sich der Beitrag jedes einzelnen Merkmals zur Vorhersage isolieren lässt.",0.99999999995,1.0
Welche ethischen Probleme können beim Einsatz von KI entstehen?,"['Prof. Dr. Frank Kammer   @   \nKI und Verantwortung\n685\nProbleme Generativer KI\n9\nhttps://chat.openai.com/\n\uf0deEntwickler von KI muss Inhalte erklären (können)\n\uf0deTrotzdem kein Verlass auf KI', 'Datenschutz, ethische Fragen und Überwachung durch KI-Systeme\n\uf0a7\nBefürchtung um autonom agierende KI-Systeme\nZiele der KI-Nutzung:\n\uf0a7\npositiven Auswirkungen von KI zu fördern\n\uf0a7\ngleichzeitig sicherzustellen, dass KI verantwortungsbewusst und \nethisch eingesetzt wird\n1', 'Prof. Dr. Frank Kammer   @   \nWahrnehmung KI\n18\nMischung aus Faszination, Begeisterung und auch Skepsis\n\uf0a7\nEinerseits hat KI das Potenzial, viele Bereiche des Lebens zu \nverbessern: z.B. Gesundheitsversorgung, Verkehr, Bildung. \n\uf0a7\nKI ist ein Werkzeug, um komplexe Probleme zu lösen und \neffizientere Lösungen zu entwickeln.\n\uf0a7\nAndererseits gibt es Bedenken und Ängste zu KI\nz.B. Verlust von Arbeitsplätzen durch Automatisierung, \nDatenschutz, ethische Fragen und Überwachung durch KI-Systeme\n\uf0a7', 'Prof. Dr. Frank Kammer   @   \nKontrollfragen\n759\n\uf0a7Beschreiben Sie bitte Ihr Verständnis von Ethik in der \nTechnik.\n\uf0a7Welche Aspekte von Ethik in der KI kennen Sie?\n\uf0a7Haben Sie bereits Erfahrungen mit ethischen Aspekten \nder KI gemacht. Falls ja, welche?\n\uf0a7Erläutern Sie den Unterschied zwischen Koinzidenz, \nKorrelation und Kausalität.\n\uf0a7Was ist das Problem von Missing Values?\n9', 'von Transparenz und Rechenschaftspflicht in KI-Systemen. \n\uf0a7\nWissen teilen: Förderung des Wissensaustauschs, insbesondere \nBeschleunigung des globalen Verständnisses und der Minderung von \nKI-Risiken und kontinuierliche Verbesserung der KI-\nSicherheitspraktiken\n8']","Um diese Frage zu beantworten, schau dir bitte die Abschnitte „Probleme Generativer KI“ sowie „Wahrnehmung KI“ im bereitgestellten Kontext an.

Achte dabei besonders auf folgende Punkte:
* Welche konkreten Bedenken und Ängste werden im Zusammenhang mit der Automatisierung und der Überwachung genannt?
* Welche Anforderungen an die Entwickler und die Systeme (Stichwort: Transparenz) werden erwähnt, um Risiken zu mindern?
* Welche Rolle spielen Datenschutz und die Autonomie von KI-Systemen in diesem Zusammenhang?

Wenn du diese Aspekte im Text zusammenführst, kannst du die ethischen Probleme eigenständig identifizieren.","Beim Einsatz von KI können verschiedene ethische Probleme entstehen, etwa Bedenken hinsichtlich der Automatisierung von Arbeit und der Überwachung von Menschen. Um solche Risiken zu mindern, werden Anforderungen an die Transparenz der Systeme und die Verantwortung der Entwickler gestellt. Zudem spielen der Schutz personenbezogener Daten und die Frage nach der Autonomie von KI-Systemen eine zentrale Rolle.",0.5833333333041666,1.0
